trade_date,underlying_code,direction,entry_time,etf_close,etf_volume_15m,market_iv,iv_rank_252,etf_volume_ratio,signal_strength,position_pct,daily_direction,daily_allowed_direction,daily_ref_date,daily_ref_close,daily_ref_ma5,daily_ref_ma10,daily_ref_ma20,daily_ref_ma5_slope,daily_ref_ma10_slope,daily_ref_ma20_slope,daily_ref_ma_cluster,daily_ref_volume_ratio20,option_code,contract_id,contract_symbol,entry_price,first_entry_price,first_position_pct,add_time,add_price,add_position_pct,opening_confirm_pass,opening_high,opening_low,opening_amp,long_exhaustion_score,long_exhaustion_action,long_exhaustion_price,long_exhaustion_2d_return,breakout_time,breakout_volume,breakout_vol_ratio,stand_count,entry_option_volume_15m,cum_volume,option_trend_strength,dte,delta,implied_volatility,edge_dte_candidate,dte_position_factor,exit_time,exit_price_1,exit_price_2,return,exit_reason,exit_legs,tp1_time,high_water,strategy_leg,signal_time,etf_intraday_volume_progress_ratio,fallback_progress_min,late_trend_acceleration,strong_volume_min,cluster_acceleration_exemption,cluster_exemption_direction,cluster_exemption_volume_mult,high_iv_crash_put,etf_vol_threshold,etf_close_pos,risk_flags,daily_ref_upper_shadow_ratio,daily_ref_lower_shadow_ratio,signal_option_price,entry_price_source,high_iv_crash_put_candidate,selection_score,selection_liquidity_score,selection_delta_score,selection_trend_score,selection_dte_score,selection_iv_score,trailing_stop,volume15,volume15_to_prior5_daily,etf_intraday_return,future_gain_eod,day_max_gain_from_open,prev_ma20,etf15_close,etf_intraday_return_event,etf15_volume,etf15_open_real,etf15_high_real,etf15_low_real,etf15_close_real,ma20_deviation_0945,above_prev_ma20,above_prev_ma20_3pct,upper_shadow,lower_shadow,wick_ratio,close_pullback_from_high,filter_reason,exit_modified,early_exit_modified,momentum15,event_open,event_close,event_volume15,contract_symbol_event,delta_event,iv,capacity_selected_rank,capacity_planned_contracts,capacity_limit_contracts
2023-08-30,588000,put,2023-08-30 09:45:00,,,,0.0,,normal_put_reversal_0945,0.2,,,,,,,,,,,,,10005542,588000P_REV_10005542,科创50沽12月1000,0.0573,,,,,,,,,,,,,,,,,,,,,0,-0.48,0.243,,,2023-08-30 14:45:00,0.0555,0.0555,-0.0314136125654449,eod_1445_putrev,1.0@0.055500,,,put_reversal_0945,,,,,,,,,,,,,,,,,,,,,,,,,1198.0,8.054933950281208e-05,0.0102354145342886,0.0395189003436424,0.001602564102564,0.9689,0.987,0.0102354145342886,25687292.0,0.977,0.988,0.973,0.987,0.0186809784291464,True,False,0.001,0.004,0.25,0.0010131712259371,,False,,-0.0673076923076922,0.0624,0.0582,1198.0,科创50沽12月1000,-0.48,0.243,1.0,34.0,59.900000000000006
2023-11-07,588000,put,2023-11-07 09:45:00,,,,0.0,,normal_put_reversal_0945,0.2,,,,,,,,,,,,,10005541,588000P_REV_10005541,科创50沽12月950,0.035,,,,,,,,,,,,,,,,,,,,,0,-0.545,0.211,,,2023-11-07 14:45:00,0.0354,0.0354,0.0114285714285713,eod_1445_putrev,1.0@0.035400,,,put_reversal_0945,,,,,,,,,,,,,,,,,,,,,,,,,1359.0,4.754397980810326e-05,0.0053763440860215,0.1123595505617978,0.0588235294117647,0.9138,0.935,0.0053763440860215,5280040.0,0.93,0.936,0.929,0.935,0.023199824906982,True,False,0.001,0.001,1.0,0.0010695187165774,,False,,-0.0481283422459893,0.0374,0.0356,1359.0,科创50沽12月950,-0.545,0.211,1.0,56.0,67.95
2024-02-08,588000,put,2024-02-08 09:45:00,,,,0.0,,normal_put_reversal_0945,0.2,,,,,,,,,,,,,10005828,588000P_REV_10005828,科创50沽3月800,0.0423,,,,,,,,,,,,,,,,,,,,,0,-0.525,0.316,,,2024-02-08 10:15:00,0.0346859999999999,0.0346859999999999,-0.18,soft_stop,1.0@0.034686,,,put_reversal_0945,,,,,,,,,,,,,,,,,,,,,,,,,4444.0,0.0001279712983069,0.0114795918367347,0.1498771498771498,0.0083160083160083,0.7758499999999999,0.793,0.0114795918367347,8141987.0,0.784,0.797,0.784,0.793,0.0221047882967069,True,False,0.004,0.0,,0.005044136191677,,False,,-0.1538461538461537,0.0481,0.0407,4444.0,科创50沽3月800,-0.525,0.316,1.0,46.0,222.2
2024-06-05,588000,put,2024-06-05 09:45:00,,,,0.0,,normal_put_reversal_0945,0.2,,,,,,,,,,,,,10006796,588000P_REV_10006796,科创50沽9月800,0.0409,,,,,,,,,,,,,,,,,,,,,0,-0.491,0.245,,,2024-06-05 14:45:00,0.045,0.045,0.1002444987775061,eod_1445_putrev,1.0@0.045000,,,put_reversal_0945,,,,,,,,,,,,,,,,,,,,,,,,,1807.0,0.0001244099460705,0.0076142131979695,0.1119221411192215,0.0200892857142855,0.78515,0.794,0.0076142131979695,3870491.0,0.788,0.794,0.786,0.794,0.0112717315162707,True,False,0.0,0.002,0.0,0.0,,False,,-0.0825892857142858,0.0448,0.0411,1807.0,科创50沽9月800,-0.491,0.245,1.0,45.0,90.35
2024-06-07,588000,put,2024-06-07 09:45:00,,,,0.0,,normal_put_reversal_0945,0.2,,,,,,,,,,,,,10006796,588000P_REV_10006796,科创50沽9月800,0.0478,,,,,,,,,,,,,,,,,,,,,0,-0.54,0.247,,,2024-06-07 14:45:00,0.0528,0.0528,0.104602510460251,eod_1445_putrev,1.0@0.052800,,,put_reversal_0945,,,,,,,,,,,,,,,,,,,,,,,,,2870.0,0.0001381526510545,0.006418485237484,0.2139830508474576,0.1040462427745663,0.7829,0.784,0.006418485237484,4001552.0,0.779,0.785,0.777,0.784,0.0014050325712096,True,False,0.001,0.002,0.5,0.0012755102040815,,False,,-0.0905587668593449,0.0519,0.0472,2870.0,科创50沽9月800,-0.54,0.247,1.0,39.0,143.5
2024-06-18,588000,put,2024-06-18 09:45:00,,,,0.0,,normal_put_reversal_0945,0.2,,,,,,,,,,,,,10006796,588000P_REV_10006796,科创50沽9月800,0.0356,,,,,,,,,,,,,,,,,,,,,0,-0.474,0.234,,,2024-06-18 14:45:00,0.0392,0.0392,0.101123595505618,eod_1445_putrev,1.0@0.039200,,,put_reversal_0945,,,,,,,,,,,,,,,,,,,,,,,,,1939.0,0.0001232719297139,0.0062972292191436,0.1312849162011173,0.0331632653061224,0.7824,0.799,0.0062972292191436,3316940.0,0.794,0.8,0.794,0.799,0.0212167689161555,True,False,0.001,0.0,,0.0012515644555695,,False,,-0.086734693877551,0.0392,0.0358,1939.0,科创50沽9月800,-0.474,0.234,1.0,54.0,96.95
2024-06-24,588000,put,2024-06-24 09:45:00,,,,0.0,,normal_put_reversal_0945,0.2,,,,,,,,,,,,,10006796,588000P_REV_10006796,科创50沽9月800,0.0382,,,,,,,,,,,,,,,,,,,,,0,-0.554,0.255,,,2024-06-24 14:45:00,0.05157,0.0511,0.343848167539267,tp1_eod_1445_putrev,0.5@0.051570;0.5@0.051100,2024-06-24 14:47:00,,put_reversal_0945,,,,,,,,,,,,,,,,,,,,,,,,,1739.0,6.021283877746151e-05,0.005044136191677,0.4258760107816712,0.4069148936170212,0.7838499999999999,0.797,0.005044136191677,4746110.0,0.793,0.798,0.79,0.797,0.0167761689098679,True,False,0.001,0.003,0.3333333333333333,0.001254705144291,,False,,-0.0132978723404255,0.0376,0.0371,1739.0,科创50沽9月800,-0.554,0.255,1.0,51.0,86.95
2024-07-08,588000,put,2024-07-08 09:45:00,,,,0.0,,normal_put_reversal_0945,0.2,,,,,,,,,,,,,10006795,588000P_REV_10006795,科创50沽9月750,0.044,,,,,,,,,,,,,,,,,,,,,0,-0.565,0.273,,,2024-07-08 14:45:00,0.0501,0.0501,0.1386363636363636,eod_1445_putrev,1.0@0.050100,,,put_reversal_0945,,,,,,,,,,,,,,,,,,,,,,,,,1340.0,8.915029114422655e-05,0.0068587105624142,0.1586206896551725,0.1300448430493272,0.76785,0.734,0.0068587105624142,3807626.0,0.729,0.736,0.728,0.734,-0.0440841310151722,False,False,0.002,0.001,2.0,0.0027247956403269,,False,,-0.0246636771300449,0.0446,0.0435,1340.0,科创50沽9月750,-0.565,0.273,1.0,47.0,67.0
2024-07-10,588000,put,2024-07-10 09:45:00,,,,0.0,,normal_put_reversal_0945,0.2,,,,,,,,,,,,,10006795,588000P_REV_10006795,科创50沽9月750,0.035,,,,,,,,,,,,,,,,,,,,,0,-0.487,0.262,,,2024-07-10 14:45:00,0.0375,0.0375,0.0714285714285714,eod_1445_putrev,1.0@0.037500,,,put_reversal_0945,,,,,,,,,,,,,,,,,,,,,,,,,1774.0,8.815033593576247e-05,0.008108108108108,0.0762711864406779,0.091160220994475,0.7626999999999999,0.746,0.008108108108108,3303574.0,0.74,0.746,0.739,0.746,-0.0218958961583846,False,False,0.0,0.001,0.0,0.0,,False,,-0.0220994475138122,0.0362,0.0354,1774.0,科创50沽9月750,-0.487,0.262,1.0,61.0,88.7
2024-07-22,588000,put,2024-07-22 09:45:00,,,,0.0,,normal_put_reversal_0945,0.2,,,,,,,,,,,,,10006796,588000P_REV_10006796,科创50沽9月800,0.0405,,,,,,,,,,,,,,,,,,,,,0,-0.509,0.304,,,2024-07-22 13:20:00,0.04455,0.04455,0.1,trend_quick_tp_10%,1.0@0.044550,2024-07-22 13:20:00,,put_reversal_0945,,,,,,,,,,,,,,,,,,,,,,,,,1139.0,5.203341800816569e-05,0.0076530612244898,0.1716417910447762,0.072892938496583,0.7493000000000001,0.79,0.0076530612244898,4503007.0,0.784,0.791,0.783,0.79,0.0543173628720137,True,True,0.001,0.001,1.0,0.0012658227848101,,True,,-0.0842824601366742,0.0439,0.0402,1139.0,科创50沽9月800,-0.509,0.304,1.0,53.0,56.95
2024-07-25,588000,put,2024-07-25 09:45:00,,,,0.0,,normal_put_reversal_0945,0.2,,,,,,,,,,,,,10006795,588000P_REV_10006795,科创50沽9月750,0.0354,,,,,,,,,,,,,,,,,,,,,0,-0.469,0.28,,,2024-07-25 11:19:00,0.0290279999999999,0.0290279999999999,-0.18,soft_stop,1.0@0.029028,,,put_reversal_0945,,,,,,,,,,,,,,,,,,,,,,,,,1250.0,5.204817305749389e-05,0.0053835800807537,0.0439560439560438,0.053763440860215,0.7493000000000001,0.747,0.0053835800807537,2039302.0,0.743,0.748,0.743,0.747,-0.0030695315627919,False,False,0.001,0.0,,0.001338688085676,,False,,-0.0215053763440858,0.0372,0.0364,1250.0,科创50沽9月750,-0.469,0.28,1.0,61.0,62.5
2024-08-05,588000,put,2024-08-05 09:45:00,,,,0.0,,normal_put_reversal_0945,0.2,,,,,,,,,,,,,10007206,588000P_REV_10007206,科创50沽12月750,0.0418,,,,,,,,,,,,,,,,,,,,,0,-0.471,0.31,,,2024-08-05 14:45:00,0.05643,0.0575,0.3627990430622011,tp1_eod_1445_putrev,0.5@0.056430;0.5@0.057500,2024-08-05 13:34:00,,put_reversal_0945,,,,,,,,,,,,,,,,,,,,,,,,,1052.0,9.678831706866388e-05,0.0092592592592593,0.4170616113744074,0.328888888888889,0.7563,0.763,0.0092592592592593,5265244.0,0.756,0.765,0.752,0.763,0.0088589184186169,True,False,0.002,0.004,0.5,0.0026212319790301,,False,,-0.0622222222222221,0.045,0.0422,1052.0,科创50沽12月750,-0.471,0.31,1.0,50.0,52.6
2024-08-15,588000,put,2024-08-15 09:45:00,,,,0.0,,normal_put_reversal_0945,0.2,,,,,,,,,,,,,10006795,588000P_REV_10006795,科创50沽9月750,0.032,,,,,,,,,,,,,,,,,,,,,0,-0.51,0.263,,,2024-08-15 10:20:00,0.02624,0.02624,-0.18,soft_stop,1.0@0.026240,,,put_reversal_0945,,,,,,,,,,,,,,,,,,,,,,,,,2135.0,8.281850929988242e-05,0.005449591280654,0.0385852090032154,0.0414201183431954,0.75395,0.738,0.005449591280654,2867609.0,0.734,0.74,0.733,0.738,-0.0211552490218184,False,False,0.002,0.001,2.0,0.0027100271002709,,False,,-0.0798816568047336,0.0338,0.0311,2135.0,科创50沽9月750,-0.51,0.263,1.0,69.0,106.75
2024-09-12,588000,put,2024-09-12 09:45:00,,,,0.0,,normal_put_reversal_0945,0.2,,,,,,,,,,,,,10007205,588000P_REV_10007205,科创50沽12月700,0.0385,,,,,,,,,,,,,,,,,,,,,0,-0.484,0.294,,,2024-09-12 14:45:00,0.046,0.046,0.1948051948051947,eod_1445_putrev,1.0@0.046000,,,put_reversal_0945,,,,,,,,,,,,,,,,,,,,,,,,,2112.0,0.0001366978824565,0.007173601147776,0.2005208333333334,0.1081730769230771,0.7137,0.702,0.007173601147776,4118328.0,0.697,0.703,0.697,0.702,-0.0163934426229508,False,False,0.001,0.0,,0.0014245014245013,,False,,-0.0769230769230769,0.0416,0.0384,2112.0,科创50沽12月700,-0.484,0.294,1.0,55.0,105.6
2024-09-13,588000,put,2024-09-13 09:45:00,,,,0.0,,normal_put_reversal_0945,0.2,,,,,,,,,,,,,10007205,588000P_REV_10007205,科创50沽12月700,0.0433,,,,,,,,,,,,,,,,,,,,,0,-0.507,0.308,,,2024-09-13 14:45:00,0.0505,0.0505,0.1662817551963049,eod_1445_putrev,1.0@0.050500,,,put_reversal_0945,,,,,,,,,,,,,,,,,,,,,,,,,2805.0,0.0001570945617861,0.0058055152394775,0.1898148148148148,0.1222707423580786,0.71105,0.693,0.0058055152394775,2138273.0,0.689,0.694,0.689,0.693,-0.0253849940229238,False,False,0.001,0.0,,0.0014430014430013,,False,,-0.0567685589519649,0.0458,0.0432,2805.0,科创50沽12月700,-0.507,0.308,1.0,51.0,140.25
2024-09-20,588000,put,2024-09-20 10:00:00,0.676,2705920.0,0.219,0.1709006928406467,2.0907718514138933,strong_position_scaled,0.5,put,put,2024-09-19,0.683,0.6858000000000001,0.6914,0.7029,-0.0017999999999999,-0.0024999999999999,-0.0022499999999999,0.0250366032210833,1.2728512989998582,10007776,588000P2410M00700,科创50沽10月700,0.0371,,,,,,,,,,,,,,,,,,1420.0,2775.0,0.0871090557537823,33,-0.628,0.265,,,2024-09-20 10:30:00,0.0356,0.0356,-0.0404312668463612,early_no_follow_10:30_hi5%_cl-3%,1.0@0.035600,,0.0383,strong_15m_fallback,2024-09-20 10:00:00,1.2314448472630732,1.15,True,1.8,False,put,3.0,False,1.2,0.0,position_2.5x,0.4117647058823491,0.4117647058823556,0.0371,signal_bar_close,False,0.7516666666666667,1.0,0.1466666666666666,1.0,0.65,1.0,,,,,,,,,,,,,,,,,,,,,,,,True,,,,,,,,,,
2024-09-25,588000,put,2024-09-25 09:45:00,,,,0.0,,normal_put_reversal_0945,0.2,,,,,,,,,,,,,10007205,588000P_REV_10007205,科创50沽12月700,0.0335,,,,,,,,,,,,,,,,,,,,,0,-0.451,0.304,,,2024-09-25 14:45:00,0.0387,0.0387,0.1552238805970147,eod_1445_putrev,1.0@0.038700,,,put_reversal_0945,,,,,,,,,,,,,,,,,,,,,,,,,2566.0,5.9258296921349955e-05,0.0084985835694051,0.2383900928792568,0.1235955056179776,0.6971999999999999,0.712,0.0084985835694051,12092795.0,0.706,0.716,0.706,0.712,0.02122776821572,True,False,0.004,0.0,,0.0056179775280897,,False,,-0.0926966292134831,0.0356,0.0323,2566.0,科创50沽12月700,-0.451,0.304,1.0,67.0,128.3
2024-10-21,588000,put,2024-10-21 09:45:00,,,,0.0,,normal_put_reversal_0945,0.2,,,,,,,,,,,,,10008114,588000P_REV_10008114,科创50沽10月1050,0.0483,,,,,,,,,,,,,,,,,,,,,0,-0.483,1.105,,,2024-10-21 09:48:00,0.05313,0.05313,0.1,trend_quick_tp_10%,1.0@0.053130,2024-10-21 09:48:00,,put_reversal_0945,,,,,,,,,,,,,,,,,,,,,,,,,9291.0,0.0001049689861893,0.0114285714285713,0.2042105263157894,0.188235294117647,0.8489000000000001,1.062,0.0114285714285713,41787900.0,1.05,1.072,1.039,1.062,0.251030745670868,True,True,0.01,0.0110000000000001,0.9090909090909,0.0094161958568739,,True,,-0.0686274509803921,0.051,0.0475,9291.0,科创50沽10月1050,-0.483,1.105,1.0,48.0,464.55
2024-11-04,588000,put,2024-11-04 09:45:00,,,,0.0,,normal_put_reversal_0945,0.2,,,,,,,,,,,,,10008034,588000P_REV_10008034,科创50沽11月1000,0.0662,,,,,,,,,,,,,,,,,,,,,0,-0.454,0.623,,,2024-11-04 10:30:00,0.0642,0.0642,-0.0302114803625378,early_no_follow_10:30_hi5%_cl-3%,1.0@0.064200,,,put_reversal_0945,,,,,,,,,,,,,,,,,,,,,,,,,4187.0,2.2039987188234933e-05,0.0111675126903554,0.0104790419161677,0.0779220779220779,1.01255,0.996,0.0111675126903554,7038748.0,0.985,0.998,0.985,0.996,-0.0163448718581799,False,False,0.002,0.0,,0.002008032128514,,False,True,-0.0360750360750361,0.0693,0.0668,4187.0,科创50沽11月1000,-0.454,0.623,1.0,35.0,209.35
2024-11-26,588000,put,2024-11-26 09:45:00,,,,0.0,,normal_put_reversal_0945,0.2,,,,,,,,,,,,,10007236,588000P_REV_10007236,科创50沽12月1000,0.0399,,,,,,,,,,,,,,,,,,,,,0,-0.461,0.437,,,2024-11-26 14:45:00,0.0477,0.0477,0.1954887218045113,eod_1445_putrev,1.0@0.047700,,,put_reversal_0945,,,,,,,,,,,,,,,,,,,,,,,,,3316.0,4.6606724871401e-05,0.0089552238805972,0.2044334975369459,0.0890868596881959,1.05065,1.014,0.0089552238805972,5569790.0,1.005,1.014,1.003,1.014,-0.034883167562937,False,False,0.0,0.002,0.0,0.0,,False,,-0.0957683741648107,0.0449,0.0406,3316.0,科创50沽12月1000,-0.461,0.437,1.0,58.0,165.8
2024-11-28,588000,put,2024-11-28 09:45:00,,,,0.0,,normal_put_reversal_0945,0.2,,,,,,,,,,,,,10008126,588000P_REV_10008126,科创50沽12月1050,0.0526,,,,,,,,,,,,,,,,,,,,,0,-0.523,0.42,,,2024-11-28 14:45:00,0.0546,0.0546,0.038022813688213,eod_1445_putrev,1.0@0.054600,,,put_reversal_0945,,,,,,,,,,,,,,,,,,,,,,,,,3650.0,4.033551323023068e-05,0.0057859209257473,0.1335952848722985,0.0482142857142857,1.05085,1.043,0.0057859209257473,6703297.0,1.037,1.043,1.033,1.043,-0.0074701432173955,False,False,0.0,0.004,0.0,0.0,,False,,-0.0910714285714285,0.056,0.0509,3650.0,科创50沽12月1050,-0.523,0.42,1.0,46.0,182.5
2025-01-16,588000,put,2025-01-16 09:45:00,,,,0.0,,normal_put_reversal_0945,0.2,,,,,,,,,,,,,10008640,588000P_REV_10008640,科创50沽2月1050,0.0526,,,,,,,,,,,,,,,,,,,,,0,-0.575,0.401,,,2025-01-16 14:45:00,0.07101,0.0737,0.3755703422053232,tp1_eod_1445_putrev,0.5@0.071010;0.5@0.073700,2025-01-16 11:29:00,,put_reversal_0945,,,,,,,,,,,,,,,,,,,,,,,,,1493.0,7.884540416687557e-05,0.0086788813886211,0.4876190476190476,0.3126050420168067,1.0366499999999998,1.046,0.0086788813886211,6329893.0,1.037,1.047,1.036,1.046,0.0090194376115373,True,False,0.0009999999999998,0.0009999999999998,1.0,0.0009560229445506,,False,,-0.1176470588235294,0.0595,0.0525,1493.0,科创50沽2月1050,-0.575,0.401,1.0,46.0,74.65
2025-01-23,588000,put,2025-01-23 09:45:00,,,,0.0,,normal_put_reversal_0945,0.2,,,,,,,,,,,,,10008640,588000P_REV_10008640,科创50沽2月1050,0.0474,,,,,,,,,,,,,,,,,,,,,0,-0.572,0.353,,,2025-01-23 14:45:00,0.0569,0.0569,0.2004219409282701,eod_1445_putrev,1.0@0.056900,,,put_reversal_0945,,,,,,,,,,,,,,,,,,,,,,,,,9898.0,7.113945974420222e-05,0.005763688760807,0.2786177105831533,0.2081632653061225,1.0291,1.047,0.005763688760807,10733482.0,1.041,1.049,1.033,1.047,0.017393839277038,True,False,0.002,0.008,0.25,0.0019102196752627,,False,,-0.0551020408163265,0.049,0.0463,9898.0,科创50沽2月1050,-0.572,0.353,1.0,55.0,494.9
2025-02-21,588000,call,2025-02-21 10:30:00,1.122,9468179.0,0.3725,0.0922276956759715,1.8867115685434457,strong_daily_volume_reduced_upper_shadow_position_scaled,0.175,none,call,2025-02-20,1.091,1.084,1.0842,1.0559,0.0035999999999998,0.0024000000000001,0.0029500000000002,0.0259395050412465,0.7342416727135658,10008131,588000C2503M01150,科创50购3月1150,0.0266,,,,,,,,,,,,,,,,,,9695.0,18983.0,0.3089349910629899,33,0.555,0.331,,,2025-02-21 13:49:00,0.0399,0.04368,0.5947368421052632,trail_20%,0.333333@0.039900;0.666667@0.043680,2025-02-21 11:29:00,0.0546,strong_15m_fallback,2025-02-21 10:30:00,1.9771207980876844,1.15,True,1.8,False,put,3.0,False,1.2,0.8000000000000059,"daily_volume_70pct,upper_shadow,position_2.5x",0.5,0.5,0.0266,signal_bar_close,False,0.8650582737903945,1.0,0.633333333333333,0.9586247022853056,0.65,1.0,0.04368,,,,,,,,,,,,,,,,,,,,,,,,,,,,,,,,,
2025-02-27,588000,put,2025-02-27 09:45:00,,,,0.0,,normal_put_reversal_0945,0.2,,,,,,,,,,,,,10008225,588000P_REV_10008225,科创50沽3月1200,0.0579,,,,,,,,,,,,,,,,,,,,,0,-0.511,0.441,,,2025-02-27 09:56:00,0.06369,0.06369,0.1,trend_quick_tp_10%,1.0@0.063690,2025-02-27 09:56:00,,put_reversal_0945,,,,,,,,,,,,,,,,,,,,,,,,,9015.0,5.744601589513099e-05,0.0092827004219409,0.2874149659863947,0.1646153846153846,1.085,1.196,0.0092827004219409,6228951.0,1.185,1.2,1.184,1.196,0.1023041474654378,True,True,0.004,0.0010000000000001,3.999999999999556,0.0033444816053511,,True,,-0.0953846153846154,0.065,0.0588,9015.0,科创50沽3月1200,-0.511,0.441,1.0,46.0,450.75
2025-03-18,588000,put,2025-03-18 09:45:00,,,,0.0,,normal_put_reversal_0945,0.2,,,,,,,,,,,,,10008330,588000P_REV_10008330,科创50沽6月1150,0.0787,,,,,,,,,,,,,,,,,,,,,0,-0.452,0.37,,,2025-03-18 14:45:00,0.0853,0.0853,0.0838627700127063,eod_1445_putrev,1.0@0.085300,,,put_reversal_0945,,,,,,,,,,,,,,,,,,,,,,,,,1562.0,0.0002168592669434,0.0122270742358079,0.0922882427307205,0.0,1.1432,1.159,0.0122270742358079,6935493.0,1.145,1.16,1.144,1.159,0.0138208537438768,True,False,0.0009999999999998,0.0010000000000001,0.999999999999778,0.0008628127696288,,False,,-0.0939289805269186,0.0873,0.0791,1562.0,科创50沽6月1150,-0.452,0.37,1.0,35.0,78.10000000000001
2025-03-24,588000,put,2025-03-24 09:45:00,,,,0.0,,normal_put_reversal_0945,0.2,,,,,,,,,,,,,10008996,588000P_REV_10008996,科创50沽4月1100,0.0366,,,,,,,,,,,,,,,,,,,,,0,-0.468,0.283,,,2025-03-24 14:45:00,0.0378,0.0378,0.0327868852459016,eod_1445_putrev,1.0@0.037800,,,put_reversal_0945,,,,,,,,,,,,,,,,,,,,,,,,,4635.0,4.048659863711504e-05,0.0054894784995425,0.239010989010989,0.1360201511335013,1.14745,1.099,0.0054894784995425,4409818.0,1.093,1.101,1.093,1.099,-0.0422240620506338,False,False,0.002,0.0,,0.0018198362147405,,False,,-0.0831234256926951,0.0397,0.0364,4635.0,科创50沽4月1100,-0.468,0.283,1.0,76.0,231.75
2025-03-26,588000,put,2025-03-26 09:45:00,,,,0.0,,normal_put_reversal_0945,0.2,,,,,,,,,,,,,10008996,588000P_REV_10008996,科创50沽4月1100,0.0357,,,,,,,,,,,,,,,,,,,,,0,-0.567,0.267,,,2025-03-26 14:45:00,0.0414,0.0414,0.1596638655462183,eod_1445_putrev,1.0@0.041400,,,put_reversal_0945,,,,,,,,,,,,,,,,,,,,,,,,,8241.0,3.6992838121002167e-05,0.0073868882733147,0.1828254847645429,0.0728643216080402,1.1404999999999998,1.091,0.0073868882733147,4519735.0,1.083,1.092,1.082,1.091,-0.0434020166593598,False,False,0.0010000000000001,0.0009999999999998,1.000000000000222,0.000916590284143,,False,,-0.092964824120603,0.0398,0.0361,8241.0,科创50沽4月1100,-0.567,0.267,1.0,78.0,412.05
2025-04-07,588000,put,2025-04-07 09:46:00,1.003,16133135.0,0.7629999999999999,0.3059660645867542,12.708879835013605,strong_position_scaled_high_iv_crash_put,0.25,put,put,2025-04-03,1.068,1.0745999999999998,1.0825,1.11355,-0.0048000000000003,-0.0050999999999998,-0.0056499999999999,0.0364700374531837,0.8568123713393371,10008994,588000P2504M01000,科创50沽4月1000,0.0349,,,,,,,,,,,,,,,,,,23644.0,25311.0,0.502460024600246,16,-0.534,0.818,,,2025-04-07 09:55:00,0.05235,0.04875,0.4312320916905443,trail_35%,0.333333@0.052350;0.666667@0.048750,2025-04-07 09:50:00,0.075,strong_15m_fallback,2025-04-07 09:45:00,3.500446523966678,1.15,True,1.8,False,put,3.0,True,1.2,0.0,"position_2.5x,high_iv_crash_put_cap",0.7368421052631536,0.1052631578947362,0.0349,next_minute_open,True,0.7241583100269043,0.9117795389048992,0.7733333333333331,0.3305658056580566,1.0,0.0,0.04875,,,,,,,,,,,,,,,,,,,,,,,,,,,,,,,,,
2025-04-07,588000,put,2025-04-07 13:15:00,0.986,4556307.0,0.7629999999999999,0.3059660645867542,2.188401255815611,strong_position_scaled_high_iv_crash_put,0.25,put,put,2025-04-03,1.068,1.0745999999999998,1.0825,1.11355,-0.0048000000000003,-0.0050999999999998,-0.0056499999999999,0.0364700374531837,0.8568123713393371,10008994,588000P2504M01000,科创50沽4月1000,0.0545,,,,,,,,,,,,,,,,,,8903.0,133098.0,0.6594686956986202,16,-0.534,0.818,,,2025-04-07 14:24:00,0.08175,0.14392,1.260489296636086,trail_20%,0.333333@0.081750;0.666667@0.143920,2025-04-07 14:02:00,0.1799,strong_15m_fallback,2025-04-07 13:15:00,2.4884952413069095,1.15,True,1.8,False,put,3.0,True,1.2,0.2666666666666666,"position_2.5x,high_iv_crash_put_cap",0.7368421052631536,0.1052631578947362,0.0545,signal_bar_close,True,0.8233586762078787,1.0,0.7733333333333331,0.6501267143727274,1.0,0.0,0.14392,,,,,,,,,,,,,,,,,,,,,,,,,,,,,,,,,
2025-04-08,588000,put,2025-04-08 09:45:00,,,,0.0,,normal_put_reversal_0945,0.2,,,,,,,,,,,,,10009116,588000P_REV_10009116,科创50沽5月1000,0.0828,,,,,,,,,,,,,,,,,,,,,0,-0.485,0.497,,,2025-04-08 10:30:00,0.0777,0.0777,-0.0615942028985506,early_no_follow_10:30_hi5%_cl-3%,1.0@0.077700,,,put_reversal_0945,,,,,,,,,,,,,,,,,,,,,,,,,1463.0,7.63991209140113e-05,0.0051124744376278,0.0154946364719903,0.0132158590308371,1.1037,0.983,0.0051124744376278,11709162.0,0.978,0.998,0.978,0.983,-0.1093594273806287,False,False,0.015,0.0,,0.0152594099694811,,False,True,-0.2607929515418502,0.1135,0.0839,1463.0,科创50沽5月1000,-0.485,0.497,1.0,34.0,73.15
2025-06-03,588000,put,2025-06-03 09:45:00,,,,0.0,,normal_put_reversal_0945,0.2,,,,,,,,,,,,,10008328,588000P_REV_10008328,科创50沽6月1050,0.032,,,,,,,,,,,,,,,,,,,,,0,-0.573,0.258,,,2025-06-03 14:45:00,0.034,0.034,0.0625,eod_1445_putrev,1.0@0.034000,,,put_reversal_0945,,,,,,,,,,,,,,,,,,,,,,,,,9355.0,6.201991069976144e-05,0.0077821011673151,0.0642201834862383,0.0075566750629723,1.04995,1.036,0.0077821011673151,3432667.0,1.028,1.038,1.028,1.036,-0.0132863469689031,False,False,0.002,0.0,,0.001930501930502,,False,,-0.1763224181360201,0.0397,0.0327,9355.0,科创50沽6月1050,-0.573,0.258,1.0,87.0,467.75
2025-07-11,588000,put,2025-07-11 09:45:00,,,,0.0,,normal_put_reversal_0945,0.2,,,,,,,,,,,,,10008860,588000P_REV_10008860,科创50沽9月1050,0.0567,,,,,,,,,,,,,,,,,,,,,0,-0.464,0.292,,,2025-07-11 10:30:00,0.0547,0.0547,-0.0352733686067019,early_no_follow_10:30_hi5%_cl-3%,1.0@0.054700,,,put_reversal_0945,,,,,,,,,,,,,,,,,,,,,,,,,1357.0,0.0001967747501888,0.0058083252662148,0.0035026269702276,0.0238095238095237,1.0307,1.039,0.0058083252662148,4658797.0,1.033,1.04,1.031,1.039,0.0080527796643057,True,False,0.0010000000000001,0.002,0.5000000000000555,0.0009624639076035,,False,True,-0.0289115646258503,0.0588,0.0571,1357.0,科创50沽9月1050,-0.464,0.292,1.0,50.0,67.85000000000001
2025-07-25,588000,call,2025-07-25 14:15:00,1.098,6693249.0,0.263,0.0299039780521261,4.244155071712963,strong_cluster_position_scaled,0.25,call,call,2025-07-24,1.086,1.0699999999999998,1.0597,1.0495,0.0057999999999998,0.0053,0.0022499999999998,0.0188766114180478,1.1941617565661031,10009568,588000C2508M01100,科创50购8月1100,0.0336,,,,,,,,,,,,,,,,,,18010.0,80120.0,0.1489059612366221,33,0.572,0.252,,,2025-07-25 14:55:00,0.0398,0.0398,0.1845238095238097,eod,1.0@0.039800,,0.0428,strong_15m_fallback,2025-07-25 14:15:00,1.2474611942080218,1.15,True,1.8,False,put,3.0,False,1.2,1.0,"ma_cluster,position_2.5x",0.0666666666666597,0.0,0.0336,signal_bar_close,False,0.8253388812178324,1.0,0.5200000000000002,0.9016944060891616,0.65,1.0,,,,,,,,,,,,,,,,,,,,,,,,,,,,,,,,,,
2025-07-29,588000,call,2025-07-29 10:15:00,1.118,6400607.0,0.2714999999999999,0.0345679012345678,3.0897617131412867,strong_position_scaled,0.5,call,call,2025-07-28,1.11,1.0896,1.0723,1.0556,0.0098,0.0064000000000001,0.0027000000000001,0.0306306306306304,1.2142385761679102,10009568,588000C2508M01100,科创50购8月1100,0.044,,,,,,,,,,,,,,,,,,22955.0,42989.0,0.1311860958861517,29,0.648,0.256,,,2025-07-29 14:55:00,0.0479,0.0479,0.0886363636363636,eod,1.0@0.047900,,0.0485,strong_15m_fallback,2025-07-29 10:15:00,1.1956995967634128,1.15,True,1.8,False,put,3.0,False,1.2,0.8461538461538475,position_2.5x,0.2727272727272801,0.63636363636364,0.044,signal_bar_close,False,0.7183333333333333,1.0,0.0133333333333331,1.0,0.65,1.0,,,,,,,,,,,,,,,,,,,,,,,,,,,,,,,,,,
2025-08-14,588000,put,2025-08-14 09:45:00,,,,0.0,,normal_put_reversal_0945,0.2,,,,,,,,,,,,,10009286,588000P_REV_10009286,科创50沽12月1150,0.0838,,,,,,,,,,,,,,,,,,,,,0,-0.454,0.323,,,2025-08-14 10:30:00,0.0796,0.0796,-0.0501193317422433,early_no_follow_10:30_hi5%_cl-3%,1.0@0.079600,,,put_reversal_0945,,,,,,,,,,,,,,,,,,,,,,,,,1380.0,0.00013496009934,0.0088183421516754,0.0484061393152304,0.0,1.09745,1.144,0.0088183421516754,8557495.0,1.134,1.148,1.134,1.144,0.0424165110027789,True,True,0.004,0.0,,0.0034965034965035,,False,True,-0.0620155038759691,0.0903,0.0847,1380.0,科创50沽12月1150,-0.454,0.323,1.0,33.0,69.0
2025-08-19,588000,put,2025-08-19 09:45:00,,,,0.0,,normal_put_reversal_0945,0.2,,,,,,,,,,,,,10008863,588000P_REV_10008863,科创50沽9月1200,0.0591,,,,,,,,,,,,,,,,,,,,,0,-0.558,0.355,,,2025-08-19 13:56:00,0.06501,0.06501,0.1,trend_quick_tp_10%,1.0@0.065010,2025-08-19 13:56:00,,put_reversal_0945,,,,,,,,,,,,,,,,,,,,,,,,,2214.0,6.715239911833691e-05,0.0067739204064352,0.1325503355704698,0.1421319796954314,1.1127,1.189,0.0067739204064352,4553649.0,1.181,1.189,1.18,1.189,0.0685719421227644,True,True,0.0,0.0010000000000001,0.0,0.0,,True,,0.0084602368866328,0.0591,0.0596,2214.0,科创50沽9月1200,-0.558,0.355,1.0,47.0,110.7
2025-08-20,588000,call,2025-08-20 09:41:00,1.169,811212.0,0.364,0.0853223593964334,1.6388174183997362,normal,0.325,call,call,2025-08-19,1.17,1.1572,1.1334,1.11775,0.0091999999999998,0.0060999999999999,0.0050499999999999,0.0337179487179487,0.9524063954016267,10008855,588000C2509M01250,科创50购9月1250,0.0261,0.0261,0.325,,,0.0,True,1.167,1.162,0.004302925989673,0.0,normal,False,0.0103626943005181,2025-08-20 09:38:00,811212.0,1.6388174183997362,3.0,2022.0,2022.0,0.0241935483870965,35,0.413,0.366,False,1.0,2025-08-20 14:55:00,0.035235,0.0383,0.4087164750957854,tp1_eod,0.5@0.035235;0.5@0.038300,2025-08-20 14:17:00,,opening_primary,,,,,,,,,,,,,,,,,,,,,,,,,,,,,,,,,,,,,,,,,,,,,,,,,,,,,,,,,
2025-08-22,588000,call,2025-08-22 09:40:00,1.241,1283604.0,0.4639999999999999,0.1401920438957475,1.7158480989916685,normal,0.5,call,call,2025-08-21,1.208,1.1854,1.1525,1.13055,0.0132000000000001,0.0096,0.0060999999999999,0.0454056291390729,1.1285258827209177,10008929,588000C2509M01400,科创50购9月1400,0.01524,0.0151,0.325,2025-08-22 09:45:00,0.0155,0.175,True,1.23,1.218,0.0098522167487684,0.0,normal,False,0.0324786324786325,2025-08-22 09:37:00,1283604.0,1.7158480989916685,3.0,7959.0,7959.0,0.1147132169576059,33,0.383,0.484,False,1.0,2025-08-22 14:55:00,0.020574,0.0441,1.1218503937007875,tp1_eod,0.5@0.020574;0.5@0.044100,2025-08-22 10:31:00,,opening_primary,,,,,,,,,,,,,,,,,,,,,,,,,,,,,,,,,,,,,,,,,,,,,,,,,,,,,,,,,
2025-08-27,588000,put,2025-08-27 09:45:00,,,,0.0,,normal_put_reversal_0945,0.2,,,,,,,,,,,,,10008912,588000P_REV_10008912,科创50沽9月1350,0.0693,,,,,,,,,,,,,,,,,,,,,0,-0.491,0.528,,,2025-08-27 09:52:00,0.07623,0.07623,0.1,trend_quick_tp_10%,1.0@0.076230,2025-08-27 09:52:00,,put_reversal_0945,,,,,,,,,,,,,,,,,,,,,,,,,11533.0,0.0001091483518751,0.011111111111111,0.2389380530973452,0.0357583230579532,1.1641,1.365,0.011111111111111,11169512.0,1.35,1.373,1.344,1.365,0.1725796752856285,True,True,0.008,0.006,1.3333333333333333,0.0058608058608058,,True,,-0.1639950678175092,0.0811,0.0678,11533.0,科创50沽9月1350,-0.491,0.528,1.0,40.0,576.65
2025-09-09,588000,put,2025-09-09 09:45:00,,,,0.0,,normal_put_reversal_0945,0.2,,,,,,,,,,,,,10008894,588000P_REV_10008894,科创50沽9月1300,0.0322,,,,,,,,,,,,,,,,,,,,,0,-0.451,0.393,,,2025-09-09 13:16:00,0.03542,0.03542,0.1,trend_quick_tp_10%,1.0@0.035420,2025-09-09 13:16:00,,put_reversal_0945,,,,,,,,,,,,,,,,,,,,,,,,,13885.0,1.2473965365435855e-05,0.0068441064638784,0.3040752351097178,0.0749354005167959,1.28245,1.324,0.0068441064638784,5225917.0,1.315,1.326,1.311,1.324,0.0323989239346562,True,True,0.002,0.004,0.5,0.0015105740181269,,True,,-0.1757105943152455,0.0387,0.0319,13885.0,科创50沽9月1300,-0.451,0.393,1.0,88.0,694.25
2025-09-12,588000,put,2025-09-12 09:45:00,,,,0.0,,normal_put_reversal_0945,0.2,,,,,,,,,,,,,10009957,588000P_REV_10009957,科创50沽10月1400,0.076,,,,,,,,,,,,,,,,,,,,,0,-0.451,0.433,,,2025-09-12 14:45:00,0.0767,0.0767,0.0092105263157895,eod_1445_putrev,1.0@0.076700,,,put_reversal_0945,,,,,,,,,,,,,,,,,,,,,,,,,2450.0,0.0004882681324648,0.0193826274228283,0.1194630872483222,0.0092592592592593,1.31355,1.42,0.0193826274228283,9410393.0,1.393,1.428,1.39,1.42,0.0810399299607931,True,True,0.008,0.0030000000000001,2.666666666666568,0.0056338028169014,,False,,-0.1377314814814815,0.0864,0.0745,2450.0,科创50沽10月1400,-0.451,0.433,1.0,38.0,122.5
2025-09-18,588000,put,2025-09-18 09:45:00,,,,0.0,,normal_put_reversal_0945,0.2,,,,,,,,,,,,,10009958,588000P_REV_10009958,科创50沽10月1450,0.0777,,,,,,,,,,,,,,,,,,,,,0,-0.46,0.549,,,2025-09-18 14:00:00,0.08547,0.08547,0.1,trend_quick_tp_10%,1.0@0.085470,2025-09-18 14:00:00,,put_reversal_0945,,,,,,,,,,,,,,,,,,,,,,,,,5725.0,0.000188320140792,0.0082417582417582,0.4389312977099238,0.2428571428571428,1.3616499999999998,1.468,0.0082417582417582,9041187.0,1.456,1.473,1.445,1.468,0.0781037711599899,True,True,0.0050000000000001,0.0109999999999998,0.4545454545454692,0.0034059945504087,,True,,-0.1362637362637362,0.091,0.0786,5725.0,科创50沽10月1450,-0.46,0.549,1.0,37.0,286.25
2025-09-24,588000,call,2025-09-24 09:42:00,1.487,724222.0,0.4529999999999999,0.134156378600823,2.1107587133914567,strong,0.7,call,call,2025-09-23,1.475,1.455,1.4229999999999998,1.39225,0.0098,0.0167999999999999,0.0069499999999997,0.0425423728813559,0.9185347439463332,10009951,588000C2510M01550,科创50购10月1550,0.047475,0.048,0.4549999999999999,2025-09-24 09:45:00,0.0465,0.245,True,1.475,1.464,0.0075136612021858,0.0,normal,False,0.0307477288609363,2025-09-24 09:39:00,724222.0,2.1107587133914567,3.0,4577.0,4577.0,0.1067961165048543,28,0.482,0.39,False,1.0,2025-09-24 14:55:00,0.0576,0.0576,0.2132701421800946,eod,1.0@0.057600,,0.0699,opening_primary,,,,,,,,,,,,,,,,,,,,,,,,,,,,,,,,,,,,,,,,,,,,,,,,,,,,,,,,,
2025-09-26,588000,put,2025-09-26 09:45:00,,,,0.0,,normal_put_reversal_0945,0.2,,,,,,,,,,,,,10009960,588000P_REV_10009960,科创50沽10月1550,0.0763,,,,,,,,,,,,,,,,,,,,,0,-0.523,0.462,,,2025-09-26 09:54:00,0.08393,0.08393,0.1,trend_quick_tp_10%,1.0@0.083930,2025-09-26 09:54:00,,put_reversal_0945,,,,,,,,,,,,,,,,,,,,,,,,,8497.0,3.404599329128931e-05,0.0097529258777633,0.1920529801324504,0.0975609756097559,1.4076499999999998,1.553,0.0097529258777633,4299336.0,1.538,1.558,1.535,1.553,0.1032572017191775,True,True,0.0050000000000001,0.0030000000000001,1.666666666666642,0.0032195750160979,,True,,-0.0792682926829269,0.082,0.0755,8497.0,科创50沽10月1550,-0.523,0.462,1.0,38.0,424.85
2025-10-09,588000,call,2025-10-09 09:40:00,1.61,705926.0,0.416,0.1138545953360768,1.3590234950894835,normal_daily_volume_reduced,0.35,call,call,2025-09-30,1.57,1.543,1.499,1.42765,0.0189999999999999,0.0144000000000001,0.0088000000000001,0.0734713375796177,0.7872329618164856,10009985,588000C2510M01600,科创50购10月1600,0.062095,0.0615,0.2274999999999999,2025-10-09 09:45:00,0.0632,0.1225,True,1.608,1.597,0.0068879148403256,0.0,normal,False,0.0301837270341207,2025-10-09 09:35:00,705926.0,1.3590234950894835,2.0,15191.0,15191.0,0.002257336343115,13,0.581,0.385,False,1.0,2025-10-09 14:00:00,0.08382825,0.074,0.2708611804493116,late_tp1_runner_dd20%_14:00,0.5@0.083828;0.5@0.074000,2025-10-09 10:28:00,,opening_primary,,,,,,,,,,,,,,,,,,,,,,,,,,,,,,,,,,,,,,,,,,,,,,,,,,,,,,,,,
2025-11-04,588000,put,2025-11-04 09:45:00,,,,0.0,,normal_put_reversal_0945,0.2,,,,,,,,,,,,,10010131,588000P_REV_10010131,科创50沽11月1500,0.0635,,,,,,,,,,,,,,,,,,,,,0,-0.6,0.387,,,2025-11-04 14:45:00,0.0778,0.0778,0.2251968503937007,eod_1445_putrev,1.0@0.077800,,,put_reversal_0945,,,,,,,,,,,,,,,,,,,,,,,,,10273.0,1.3765655637410936e-05,0.0054237288135592,0.3796445880452344,0.2199999999999999,1.5133,1.483,0.0054237288135592,5460459.0,1.475,1.486,1.472,1.483,-0.0200224674552302,False,False,0.0029999999999998,0.0030000000000001,0.999999999999926,0.002022926500337,,False,,-0.1157142857142858,0.07,0.0619,10273.0,科创50沽11月1500,-0.6,0.387,1.0,47.0,513.65
2025-11-17,588000,put,2025-11-17 09:45:00,,,,0.0,,normal_put_reversal_0945,0.2,,,,,,,,,,,,,10009843,588000P_REV_10009843,科创50沽12月1450,0.0714,,,,,,,,,,,,,,,,,,,,,0,-0.532,0.374,,,2025-11-17 14:45:00,0.0772,0.0772,0.0812324929971988,eod_1445_putrev,1.0@0.077200,,,put_reversal_0945,,,,,,,,,,,,,,,,,,,,,,,,,1319.0,2.9773686618914727e-05,0.0090909090909092,0.2503556187766715,0.0987500000000001,1.4877,1.443,0.0090909090909092,3596224.0,1.43,1.445,1.43,1.443,-0.0300463803186126,False,False,0.002,0.0,,0.0013860013860014,,False,,-0.1212499999999999,0.08,0.0703,1319.0,科创50沽12月1450,-0.532,0.374,1.0,43.0,65.95
2025-11-27,588000,put,2025-11-27 09:45:00,,,,0.0,,normal_put_reversal_0945,0.2,,,,,,,,,,,,,10009782,588000P_REV_10009782,科创50沽12月1400,0.0426,,,,,,,,,,,,,,,,,,,,,0,-0.533,0.362,,,2025-11-27 14:45:00,0.05751,0.0632,0.4167840375586855,tp1_eod_1445_putrev,0.5@0.057510;0.5@0.063200,2025-11-27 14:30:00,,put_reversal_0945,,,,,,,,,,,,,,,,,,,,,,,,,12116.0,2.876972593254793e-05,0.0079022988505748,0.5186046511627906,0.1981651376146789,1.4404,1.403,0.0079022988505748,5005134.0,1.392,1.403,1.39,1.403,-0.0259650097195223,False,False,0.0,0.002,0.0,0.0,,False,,-0.2110091743119266,0.0545,0.043,12116.0,科创50沽12月1400,-0.533,0.362,1.0,74.0,605.8000000000001
2025-12-22,588000,put,2025-12-22 09:45:00,,,,0.0,,normal_put_reversal_0945,0.2,,,,,,,,,,,,,10010508,588000P_REV_10010508,科创50沽1月1400,0.0526,,,,,,,,,,,,,,,,,,,,,0,-0.453,0.277,,,2025-12-22 10:30:00,0.0502,0.0502,-0.0456273764258554,early_no_follow_10:30_hi5%_cl-3%,1.0@0.050200,,,put_reversal_0945,,,,,,,,,,,,,,,,,,,,,,,,,5823.0,5.6180525442956866e-05,0.0057761732851986,0.0,0.0184254606365159,1.3899,1.393,0.0057761732851986,4126910.0,1.385,1.397,1.384,1.393,0.0022303762860638,True,False,0.004,0.0010000000000001,3.999999999999556,0.0028715003589374,,False,True,-0.1038525963149079,0.0597,0.0535,5823.0,科创50沽1月1400,-0.453,0.277,1.0,65.0,291.15000000000003
2026-01-06,588000,call,2026-01-06 09:40:00,1.493,770147.0,0.3095,0.1821460775473399,1.6655291327623174,normal,0.325,call,call,2026-01-05,1.479,1.433,1.4205,1.409,0.0114,0.0102999999999999,0.00425,0.0162271805273833,1.6745404774719486,10010501,588000C2601M01500,科创50购1月1500,0.0465,0.0465,0.325,,,0.0,True,1.484,1.476,0.005420054200542,0.0,normal,False,0.0321004884856943,2026-01-06 09:37:00,770147.0,1.6655291327623174,3.0,19751.0,19751.0,0.0877993158494867,22,0.542,0.301,False,1.0,2026-01-06 14:00:00,0.062775,0.05104,0.2238172043010752,late_tp1_runner_dd20%_14:00,0.5@0.062775;0.5@0.051040,2026-01-06 09:53:00,,opening_primary,,,,,,,,,,,,,,,,,,,,,,,,,,,,,,,,,,,,,,,,,,,,,,,,,,,,,,,,,
2026-01-08,588000,call,2026-01-08 09:46:00,1.536,6692897.0,0.311,0.1848512173128945,3.9690744270135103,strong_position_scaled,0.5,call,call,2026-01-07,1.52,1.4708,1.4445,1.41955,0.0205999999999999,0.0115,0.0050000000000001,0.033717105263158,1.3565716402724008,10010502,588000C2601M01550,科创50购1月1550,0.0388,,,,,,,,,,,,,,,,,,28580.0,28615.0,0.2581840642371835,20,0.454,0.305,,,2026-01-08 10:31:00,0.0582,0.04728,0.3123711340206186,trail_20%,0.333333@0.058200;0.666667@0.047280,2026-01-08 10:02:00,0.0591,strong_15m_fallback,2026-01-08 09:45:00,1.5983187042811398,1.15,True,1.8,False,put,3.0,False,1.2,0.7857142857142857,position_2.5x,0.3199999999999985,0.5599999999999975,0.0388,next_minute_open,False,0.8849191807508029,0.903964618543674,0.6933333333333334,1.0,1.0,1.0,0.04728,,,,,,,,,,,,,,,,,,,,,,,,,,,,,,,,,
2026-01-21,588000,call,2026-01-21 09:46:00,1.608,11832715.0,0.297,0.1596032461677186,6.610956853598167,strong_position_scaled,0.5,none,call,2026-01-20,1.56,1.5782,1.5638999999999998,1.49845,0.0021999999999999,0.0054999999999998,0.0090000000000001,0.0511217948717948,1.2099864924570822,10010689,588000C2602M01600,科创50购2月1600,0.062,,,,,,,,,,,,,,,,,,6720.0,6724.0,0.6462258186875713,35,0.577,0.271,,,2026-01-21 14:55:00,0.0644,0.0644,0.0387096774193549,eod,1.0@0.064400,,0.0757,strong_15m_fallback,2026-01-21 09:45:00,2.1927158256808417,1.15,True,1.8,False,put,3.0,False,1.2,0.9811320754717,position_2.5x,0.3636363636363643,0.1818181818181821,0.062,next_minute_open,False,0.8152745343703525,1.0,0.4866666666666669,0.893039338518428,0.65,1.0,,,,,,,,,,,,,,,,,,,,,,,,,,,,,,,,,,
2026-02-10,588000,put,2026-02-10 09:45:00,,,,0.0,,normal_put_reversal_0945,0.2,,,,,,,,,,,,,10009880,588000P_REV_10009880,科创50沽3月1550,0.0616,,,,,,,,,,,,,,,,,,,,,0,-0.466,0.293,,,2026-02-10 14:45:00,0.0589,0.0589,-0.0438311688311688,eod_1445_putrev,1.0@0.058900,,,put_reversal_0945,,,,,,,,,,,,,,,,,,,,,,,,,3440.0,6.594432935241985e-05,0.0078023407022107,0.0324149108589952,0.00139470013947,1.57645,1.55,0.0078023407022107,5846204.0,1.538,1.555,1.538,1.55,-0.0167782041929651,False,False,0.0049999999999998,0.0,,0.0032258064516128,,False,,-0.1394700139470014,0.0717,0.0617,3440.0,科创50沽3月1550,-0.466,0.293,1.0,54.0,172.0
2026-02-13,588000,put,2026-02-13 09:45:00,,,,0.0,,normal_put_reversal_0945,0.2,,,,,,,,,,,,,10009880,588000P_REV_10009880,科创50沽3月1550,0.0507,,,,,,,,,,,,,,,,,,,,,0,-0.472,0.311,,,2026-02-13 14:45:00,0.0618,0.0618,0.2189349112426035,eod_1445_putrev,1.0@0.061800,,,put_reversal_0945,,,,,,,,,,,,,,,,,,,,,,,,,3739.0,7.011578338013202e-05,0.0083870967741934,0.2130518234165068,0.089655172413793,1.5735,1.563,0.0083870967741934,3594517.0,1.55,1.566,1.545,1.563,-0.0066730219256434,False,False,0.0030000000000001,0.0050000000000001,0.6000000000000089,0.0019193857965451,,False,,-0.1017241379310345,0.058,0.0521,3739.0,科创50沽3月1550,-0.472,0.311,1.0,65.0,186.95
2026-03-02,588000,put,2026-03-02 09:45:00,,,,0.0,,normal_put_reversal_0945,0.2,,,,,,,,,,,,,10009880,588000P_REV_10009880,科创50沽3月1550,0.036,,,,,,,,,,,,,,,,,,,,,0,-0.5,0.258,,,2026-03-02 14:45:00,0.0422,0.0422,0.1722222222222222,eod_1445_putrev,1.0@0.042200,,,put_reversal_0945,,,,,,,,,,,,,,,,,,,,,,,,,28605.0,6.43310867809849e-05,0.0110389610389609,0.3185595567867036,0.0577777777777779,1.5633,1.557,0.0110389610389609,3722482.0,1.54,1.563,1.539,1.557,-0.0040299366724236,False,False,0.006,0.0010000000000001,5.999999999999334,0.0038535645472062,,False,,-0.1977777777777777,0.045,0.0361,28605.0,科创50沽3月1550,-0.5,0.258,2.0,96.0,1430.25
2026-03-03,588000,put,2026-03-03 10:00:00,1.507,4252183.0,0.3105,0.1839495040577096,3.1654941740142872,strong_cluster_position_scaled_cluster_acceleration_exemption,0.25,none,put,2026-03-02,1.544,1.5538,1.5494,1.55875,-0.0008000000000001,0.0044999999999999,-0.0045499999999998,0.0060556994818654,0.8664606822673308,10009848,588000P2603M01500,科创50沽3月1500,0.0373,,,,,,,,,,,,,,,,,,21306.0,29650.0,0.7054036120845169,22,-0.602,0.31,,,2026-03-03 14:55:00,0.05595,0.0655,0.6706881143878463,tp1_eod,0.333333@0.055950;0.666667@0.065500,2026-03-03 13:54:00,0.0655,strong_15m_fallback,2026-03-03 10:00:00,1.1549985843191806,1.15,True,1.8,True,put,3.0,False,1.2,0.0,"ma_cluster,position_2.5x,cluster_acceleration_exemption_cap",0.7241379310344817,0.1379310344827591,0.0373,signal_bar_close,False,0.7932216204804174,1.0,0.32,0.8161081024020869,1.0,1.0,0.0524,,,,,,,,,,,,,,,,,,,,,,,,,,,,,,,,,
2026-03-09,588000,put,2026-03-09 09:46:00,1.436,7186670.0,0.278,0.1253381424706943,7.943236245368075,strong_daily_volume_reduced_position_scaled,0.35,none,put,2026-03-06,1.491,1.488,1.5213,1.5296,-0.0149999999999999,-0.0067999999999996,-0.0048999999999999,0.0279007377598927,0.7007074235521239,10009847,588000P2603M01450,科创50沽3月1450,0.0479,,,,,,,,,,,,,,,,,,31729.0,32197.0,0.5898004434589803,16,-0.411,0.283,,,2026-03-09 13:05:00,0.0392779999999999,0.0392779999999999,-0.18,soft_stop,1.0@0.039278,,0.0576,strong_15m_fallback,2026-03-09 09:45:00,1.6987679691018516,1.15,True,1.8,False,put,3.0,False,1.2,0.1818181818181812,"daily_volume_70pct,position_2.5x",0.2692307692307649,0.0,0.0478,next_minute_open,False,0.8516666666666667,1.0,0.4066666666666665,1.0,1.0,1.0,,,,,,,,,,,,,,,,,,,,,,,,,,,,,,,,,,
2026-03-19,588000,put,2026-03-19 13:30:00,1.411,1499848.0,0.316,0.193868349864743,1.8070523146469204,strong_position_scaled,0.5,put,put,2026-03-18,1.445,1.4473999999999998,1.4647,1.49895,-0.0064000000000001,-0.0013999999999998,-0.0052499999999999,0.0356747404844292,0.987158068711907,10011167,588000P2604M01400,科创50沽4月1400,0.0488,,,,,,,,,,,,,,,,,,1866.0,24141.0,0.1501812121235184,34,-0.437,0.317,,,2026-03-19 14:55:00,0.048,0.048,-0.0163934426229508,eod,1.0@0.048000,,0.052,strong_15m_fallback,2026-03-19 13:30:00,1.1908173912130622,1.15,True,1.8,False,put,3.0,False,1.2,0.2000000000000177,position_2.5x,0.0740740740740737,0.4444444444444426,0.0488,signal_bar_close,False,0.8600000000000001,1.0,0.58,1.0,0.65,1.0,,,,,,,,,,,,,,,,,,,,,,,,,,,,,,,,,,
2026-03-23,588000,put,2026-03-23 13:15:00,1.344,3036411.0,0.4145,0.3715058611361587,2.058307427206382,strong_reduced_position_scaled,0.375,put,put,2026-03-20,1.388,1.426,1.4472999999999998,1.4843,-0.0124000000000001,-0.0102999999999999,-0.0085500000000002,0.0420028818443804,1.2530920150831977,10011166,588000P2604M01350,科创50沽4月1350,0.0615,,,,,,,,,,,,,,,,,,6368.0,38807.0,0.2198262495499972,30,-0.521,0.416,,,2026-03-23 14:55:00,0.0783,0.0783,0.2731707317073171,eod,1.0@0.078300,,0.0826,strong_15m_fallback,2026-03-23 13:15:00,1.598789969197956,1.15,True,1.8,False,put,3.0,False,1.2,0.2142857142857222,position_2.5x,0.1290322580645166,0.0322580645161255,0.0615,signal_bar_close,False,0.8805029946369184,1.0,0.8599999999999999,0.7658483065179255,0.65,0.9466666666666668,,,,,,,,,,,,,,,,,,,,,,,,,,,,,,,,,,
2026-04-07,588000,put,2026-04-07 09:45:00,,,,0.0,,normal_put_reversal_0945,0.2,,,,,,,,,,,,,10011166,588000P_REV_10011166,科创50沽4月1350,0.0359,,,,,,,,,,,,,,,,,,,,,0,-0.515,0.327,,,2026-04-07 14:45:00,0.0392,0.0392,0.0919220055710305,eod_1445_putrev,1.0@0.039200,,,put_reversal_0945,,,,,,,,,,,,,,,,,,,,,,,,,13284.0,1.873231217921127e-05,0.0090225563909773,0.086842105263158,0.0204081632653061,1.39895,1.342,0.0090225563909773,4052594.0,1.33,1.343,1.328,1.342,-0.0407091032560132,False,False,0.0009999999999998,0.002,0.4999999999999445,0.0007451564828613,,False,,-0.2244897959183673,0.049,0.038,13284.0,科创50沽4月1350,-0.515,0.327,1.0,99.0,664.2
2026-04-10,588000,put,2026-04-10 09:45:00,,,,0.0,,normal_put_reversal_0945,0.2,,,,,,,,,,,,,10011168,588000P_REV_10011168,科创50沽4月1450,0.0302,,,,,,,,,,,,,,,,,,,,,0,-0.549,0.294,,,2026-04-10 10:31:00,0.03322,0.03322,0.1,trend_quick_tp_10%,1.0@0.033220,2026-04-10 10:31:00,,put_reversal_0945,,,,,,,,,,,,,,,,,,,,,,,,,15716.0,6.903157534739918e-05,0.0090655509065551,0.2508038585209002,0.0,1.3862,1.447,0.0090655509065551,4933455.0,1.434,1.449,1.434,1.447,0.043860914730919,True,True,0.002,0.0,,0.0013821700069107,,True,,-0.2414634146341464,0.041,0.0311,15716.0,科创50沽4月1450,-0.549,0.294,2.0,119.0,785.8000000000001
2026-04-13,588000,put,2026-04-13 09:45:00,,,,0.0,,normal_put_reversal_0945,0.2,,,,,,,,,,,,,10011359,588000P_REV_10011359,科创50沽5月1450,0.0666,,,,,,,,,,,,,,,,,,,,,0,-0.47,0.319,,,2026-04-13 10:30:00,0.0585,0.0585,-0.1216216216216216,early_no_follow_10:30_hi5%_cl-3%,1.0@0.058500,,,put_reversal_0945,,,,,,,,,,,,,,,,,,,,,,,,,1258.0,0.0001374147839912,0.011204481792717,0.0120300751879698,0.0081632653061225,1.38525,1.444,0.011204481792717,5090296.0,1.428,1.447,1.428,1.444,0.0424111171268724,True,True,0.0030000000000001,0.0,,0.0020775623268698,,False,True,-0.0952380952380951,0.0735,0.0665,1258.0,科创50沽5月1450,-0.47,0.319,1.0,55.0,62.900000000000006
2026-04-17,588000,put,2026-04-17 09:45:00,,,,0.0,,normal_put_reversal_0945,0.2,,,,,,,,,,,,,10011360,588000P_REV_10011360,科创50沽5月1500,0.0613,,,,,,,,,,,,,,,,,,,,,0,-0.47,0.316,,,2026-04-17 14:45:00,0.0611,0.0611,-0.0032626427406199,eod_1445_putrev,1.0@0.061100,,,put_reversal_0945,,,,,,,,,,,,,,,,,,,,,,,,,3221.0,6.667398886856953e-05,0.0080428954423592,0.0738362760834669,0.0519083969465647,1.39155,1.504,0.0080428954423592,3310076.0,1.492,1.505,1.489,1.504,0.0808091696309869,True,True,0.0009999999999998,0.0029999999999998,0.3333333333333086,0.0006648936170212,,False,,-0.048854961832061,0.0655,0.0623,3221.0,科创50沽5月1500,-0.47,0.316,1.0,58.0,161.05
2026-04-22,588000,call,2026-04-22 09:43:00,1.508,254070.0,0.289,0.1932773109243697,1.3667392883079157,normal,0.5,call,call,2026-04-21,1.504,1.502,1.4714,1.41165,0.0050000000000001,0.0161999999999999,0.00875,0.0600731382978722,0.8978530437857821,10011352,588000C2605M01550,科创50购5月1550,0.03439,0.0346,0.325,2026-04-22 09:45:00,0.034,0.175,True,1.507,1.495,0.0080267558528426,0.0,normal,False,0.0033355570380253,2026-04-22 09:40:00,254070.0,1.3667392883079157,3.0,3645.0,3645.0,0.0753911806543383,35,0.464,0.264,False,1.0,2026-04-22 14:55:00,0.0409,0.0409,0.1892992148880485,eod,1.0@0.040900,,,opening_primary,,,,,,,,,,,,,,,,,,,,,,,,,,,,,,,,,,,,,,,,,,,,,,,,,,,,,,,,,
2026-04-28,588000,put,2026-04-28 09:45:00,,,,0.0,,normal_put_reversal_0945,0.2,,,,,,,,,,,,,10010364,588000P_REV_10010364,科创50沽6月1600,0.0887,,,,,,,,,,,,,,,,,,,,,0,-0.516,0.356,,,2026-04-28 13:00:00,0.09757,0.09757,0.1,trend_quick_tp_10%,1.0@0.097570,2026-04-28 13:00:00,,put_reversal_0945,,,,,,,,,,,,,,,,,,,,,,,,,1066.0,7.538233019794226e-05,0.0075997466751107,0.1932960893854749,0.1301587301587301,1.44605,1.591,0.0075997466751107,4475873.0,1.579,1.595,1.576,1.591,0.1002385809619306,True,True,0.004,0.0029999999999998,1.3333333333333828,0.0025141420490257,,True,,-0.0529100529100529,0.0945,0.0895,1066.0,科创50沽6月1600,-0.516,0.356,1.0,40.0,53.3
2026-04-30,588000,call,2026-04-30 09:40:00,1.607,809042.0,0.3195,0.2665066026410564,1.9209028011909457,normal,0.325,call,call,2026-04-29,1.575,1.5546,1.533,1.46905,0.0091999999999998,0.0092999999999998,0.01255,0.0543174603174603,0.8770157864779974,10011405,588000C2605M01650,科创50购5月1650,0.0346,0.0346,0.325,,,0.0,True,1.607,1.59,0.010691823899371,0.0,normal,False,-0.0100565681961031,2026-04-30 09:36:00,809042.0,1.9209028011909457,2.0,10417.0,10417.0,0.0441640378548893,27,0.539,0.285,False,1.0,2026-04-30 14:55:00,0.04671,0.0559,0.4828034682080925,tp1_eod,0.5@0.046710;0.5@0.055900,2026-04-30 11:01:00,,opening_primary,,,,,,,,,,,,,,,,,,,,,,,,,,,,,,,,,,,,,,,,,,,,,,,,,,,,,,,,,
2026-05-06,588000,call,2026-05-06 09:46:00,1.767,10189755.0,0.3895,0.4345738295318127,4.067140403457256,strong_reduced_position_scaled,0.375,call,call,2026-04-30,1.654,1.5838,1.5486,1.4833,0.0291999999999998,0.0156,0.01425,0.0607617896009672,1.8887667277243485,10011419,588000C2605M01750,科创50购5月1750,0.0818,,,,,,,,,,,,,,,,,,29972.0,30278.0,0.820564516129032,21,0.508,0.342,,,2026-05-06 10:30:00,0.1227,0.10144,0.3267318663406683,trail_20%,0.333333@0.122700;0.666667@0.101440,2026-05-06 10:02:00,0.1268,strong_15m_fallback,2026-05-06 09:45:00,2.111566347533074,1.15,True,1.8,False,put,3.0,False,1.2,0.9508196721311456,position_2.5x,0.1466666666666683,0.0266666666666667,0.0817,next_minute_open,False,0.8683201561539095,0.8030873693703252,0.9466666666666668,0.8020927086955629,1.0,1.0,0.10144,,,,,,,,,,,,,,,,,,,,,,,,,,,,,,,,,
2026-05-20,588000,call,2026-05-20 09:41:00,1.891,702466.0,0.455,0.5918367346938775,1.5348349005793982,normal,0.5,call,call,2026-05-19,1.871,1.8282,1.8008,1.6747,0.0109999999999998,0.0216999999999998,0.0186500000000002,0.0820416889363976,1.2165719201721397,10011558,588000C2606M01950,科创50购6月1950,0.065905,0.0665,0.325,2026-05-20 09:45:00,0.0648,0.175,True,1.886,1.856,0.0161637931034481,0.0,normal,False,0.047006155567991,2026-05-20 09:38:00,702466.0,1.5348349005793982,3.0,3899.0,3899.0,0.065532223026792,35,0.495,0.344,False,1.0,2026-05-20 14:55:00,0.0768,0.0768,0.1653137091267731,eod,1.0@0.076800,,,opening_primary,,,,,,,,,,,,,,,,,,,,,,,,,,,,,,,,,,,,,,,,,,,,,,,,,,,,,,,,,
2026-05-25,588000,call,2026-05-25 09:43:00,1.916,316917.0,0.4765,0.6434573829531813,1.3623830494077025,normal,0.5,call,call,2026-05-22,1.887,1.8704,1.8446,1.7321000000000002,0.02,0.016,0.0191500000000002,0.0732909379968202,0.9486533231812242,10011603,588000C2606M02000,科创50购6月2000,0.058685,0.059,0.325,2026-05-25 09:45:00,0.0581,0.175,True,1.891,1.867,0.0128548473486877,0.0,normal,False,-0.0227861211807354,2026-05-25 09:40:00,316917.0,1.3623830494077025,3.0,11229.0,11229.0,0.1900999302811989,30,0.526,0.368,False,1.0,2026-05-25 14:55:00,0.07922475,0.0852,0.4009095169123285,tp1_eod,0.5@0.079225;0.5@0.085200,2026-05-25 13:22:00,,opening_primary,,,,,,,,,,,,,,,,,,,,,,,,,,,,,,,,,,,,,,,,,,,,,,,,,,,,,,,,,
2026-05-27,588000,put,2026-05-27 09:45:00,,,,0.0,,normal_put_reversal_0945,0.2,,,,,,,,,,,,,10011560,588000P_REV_10011560,科创50沽6月1950,0.0965,,,,,,,,,,,,,,,,,,,,,0,-0.512,0.583,,,2026-05-27 10:46:00,0.10615,0.10615,0.1,trend_quick_tp_10%,1.0@0.106150,2026-05-27 10:46:00,,put_reversal_0945,,,,,,,,,,,,,,,,,,,,,,,,,11530.0,4.3237851729114354e-05,0.0086206896551723,0.5384615384615383,0.5166835187057632,1.77855,1.989,0.0086206896551723,410987510.0,1.973,1.994,1.973,1.989,0.1183267268280341,True,True,0.0049999999999998,0.0,,0.0025138260432377,,True,,-0.0141557128412538,0.0989,0.0975,11530.0,科创50沽6月1950,-0.512,0.583,1.0,37.0,576.5
2026-05-28,588000,put,2026-05-28 09:45:00,,,,0.0,,normal_put_reversal_0945,0.2,,,,,,,,,,,,,10011560,588000P_REV_10011560,科创50沽6月1950,0.1334,,,,,,,,,,,,,,,,,,,,,0,-0.474,0.572,,,2026-05-28 09:59:00,0.14674,0.14674,0.1,trend_quick_tp_10%,1.0@0.146740,2026-05-28 09:59:00,,put_reversal_0945,,,,,,,,,,,,,,,,,,,,,,,,,12938.0,5.147164695108976e-05,0.0137348124669836,0.1212349397590362,0.0176032498307379,1.79755,1.919,0.0137348124669836,577651360.0,1.9,1.928,1.891,1.919,0.0675641845845735,True,True,0.0089999999999998,0.0089999999999998,1.0,0.0046899426784783,,True,,-0.1008801624915368,0.1477,0.1328,12938.0,科创50沽6月1950,-0.474,0.572,1.0,27.0,646.9000000000001
2026-06-03,588000,put,2026-06-03 09:45:00,,,,0.0,,normal_put_reversal_0945,0.2,,,,,,,,,,,,,10011559,588000P_REV_10011559,科创50沽6月1900,0.1391,,,,,,,,,,,,,,,,,,,,,0,-0.597,0.536,,,2026-06-03 10:30:00,0.1257,0.1257,-0.0963335729690869,early_no_follow_10:30_hi5%_cl-3%,1.0@0.125700,,,put_reversal_0945,,,,,,,,,,,,,,,,,,,,,,,,,4539.0,2.9676103900460767e-05,0.012304250559284,0.1155492154065622,0.0,1.8441999999999996,1.81,0.012304250559284,553553900.0,1.787,1.814,1.784,1.81,-0.0185446263962691,False,False,0.004,0.0029999999999998,1.3333333333333828,0.0022099447513812,,False,True,-0.1366995073891626,0.1624,0.1402,4539.0,科创50沽6月1900,-0.597,0.536,1.0,26.0,226.95
2026-06-04,588000,put,2026-06-04 09:45:00,,,,0.0,,normal_put_reversal_0945,0.2,,,,,,,,,,,,,10011559,588000P_REV_10011559,科创50沽6月1900,0.1328,,,,,,,,,,,,,,,,,,,,,0,-0.587,0.53,,,2026-06-04 10:30:00,0.1253,0.1253,-0.0564759036144578,early_no_follow_10:30_hi5%_cl-3%,1.0@0.125300,,,put_reversal_0945,,,,,,,,,,,,,,,,,,,,,,,,,6498.0,0.054876843796079,0.0150501672240801,0.0088626292466764,0.0341594105827194,1.8481499999999995,1.821,0.0150501672240801,390311455.0,1.794,1.825,1.789,1.821,-0.0146903660417172,False,False,0.004,0.0050000000000001,0.7999999999999823,0.0021965952773201,,False,True,-0.0931011386470194,0.1493,0.1354,6498.0,科创50沽6月1900,-0.587,0.53,1.0,27.0,324.90000000000003
2026-06-08,588000,put,2026-06-08 09:45:00,,,,0.0,,normal_put_reversal_0945,0.2,,,,,,,,,,,,,10010366,588000P_REV_10010366,科创50沽6月1700,0.0741,,,,,,,,,,,,,,,,,,,,,0,-0.511,0.513,,,2026-06-08 14:45:00,0.078,0.078,0.0526315789473683,eod_1445_putrev,1.0@0.078000,,,put_reversal_0945,,,,,,,,,,,,,,,,,,,,,,,,,37055.0,0.0002337514936755,0.0159763313609468,0.3699999999999999,0.128235294117647,1.8531,1.717,0.0159763313609468,729552491.0,1.691,1.719,1.691,1.717,-0.0734444984080729,False,False,0.002,0.0,,0.0011648223645894,,False,,-0.176470588235294,0.085,0.07,37055.0,科创50沽6月1700,-0.511,0.513,1.0,48.0,1852.75
2026-06-10,588000,put,2026-06-10 09:45:00,,,,0.0,,normal_put_reversal_0945,0.2,,,,,,,,,,,,,10010786,588000P_REV_10010786,科创50沽6月1800,0.0779,,,,,,,,,,,,,,,,,,,,,0,-0.587,0.567,,,2026-06-10 14:45:00,0.105165,0.1094,0.3771822849807446,tp1_eod_1445_putrev,0.5@0.105165;0.5@0.109400,2026-06-10 10:39:00,,put_reversal_0945,,,,,,,,,,,,,,,,,,,,,,,,,16848.0,0.1129596528609338,0.0297482837528604,0.5486725663716814,0.157844990548204,1.84365,1.8,0.0297482837528604,712660603.0,1.754,1.802,1.749,1.8,-0.0236758603856479,False,False,0.002,0.0049999999999998,0.4000000000000089,0.001111111111111,,False,,-0.2523629489603024,0.1058,0.0791,16848.0,科创50沽6月1800,-0.587,0.567,1.0,46.0,842.4000000000001
2026-06-11,588000,put,2026-06-11 09:45:00,,,,0.0,,normal_put_reversal_0945,0.2,,,,,,,,,,,,,10010786,588000P_REV_10010786,科创50沽6月1800,0.0921,,,,,,,,,,,,,,,,,,,,,0,-0.576,0.523,,,2026-06-11 14:45:00,0.0984,0.0984,0.0684039087947883,eod_1445_putrev,1.0@0.098400,,,put_reversal_0945,,,,,,,,,,,,,,,,,,,,,,,,,7108.0,0.0495300636616012,0.0202663578459756,0.2608695652173913,0.0339130434782608,1.8375999999999997,1.762,0.0202663578459756,433899317.0,1.738,1.765,1.728,1.762,-0.0411406181976489,False,False,0.0029999999999998,0.01,0.2999999999999889,0.0017026106696935,,False,,-0.18,0.115,0.0943,7108.0,科创50沽6月1800,-0.576,0.523,1.0,42.0,355.40000000000003
2026-06-22,588000,put,2026-06-22 09:45:00,,,,0.0,,normal_put_reversal_0945,0.2,,,,,,,,,,,,,10011752,588000P_REV_10011752,科创50沽7月2100,0.1781,,,,,,,,,,,,,,,,,,,,,0,-0.505,0.636,,,2026-06-22 10:29:00,0.19591,0.19591,0.1,trend_quick_tp_10%,1.0@0.195910,2026-06-22 10:29:00,,put_reversal_0945,,,,,,,,,,,,,,,,,,,,,,,,,1013.0,0.3743532889874353,0.0074037512339586,0.2473478503629256,0.2030156165858911,1.8426,2.041,0.0074037512339586,493385741.0,2.025,2.054,2.024,2.041,0.1076739389992402,True,True,0.0129999999999999,0.0009999999999998,13.000000000001332,0.0063694267515923,,True,,-0.035541195476575,0.1857,0.1791,1013.0,科创50沽7月2100,-0.505,0.636,1.0,22.0,50.650000000000006
2026-06-25,588000,put,2026-06-25 09:45:00,,,,0.0,,normal_put_reversal_0945,0.2,,,,,,,,,,,,,10011816,588000P_REV_10011816,科创50沽7月2200,0.1749,,,,,,,,,,,,,,,,,,,,,0,-0.483,0.649,,,2026-06-25 10:25:00,0.19239,0.19239,0.1,trend_quick_tp_10%,1.0@0.192390,2026-06-25 10:25:00,,put_reversal_0945,,,,,,,,,,,,,,,,,,,,,,,,,1466.0,0.4242716573413081,0.0198675496688742,0.1354515050167224,0.0139303482587065,1.8587,2.156,0.0198675496688742,543563640.0,2.109,2.157,2.106,2.156,0.159950503039759,True,True,0.0009999999999998,0.0030000000000001,0.3333333333332839,0.0004638218923933,,True,,-0.1074626865671641,0.201,0.1794,1466.0,科创50沽7月2200,-0.483,0.649,1.0,23.0,73.3
2026-06-26,588000,put,2026-06-26 09:45:00,,,,0.0,,normal_put_reversal_0945,0.2,,,,,,,,,,,,,10011816,588000P_REV_10011816,科创50沽7月2200,0.1662,,,,,,,,,,,,,,,,,,,,,0,-0.53,0.663,,,2026-06-26 09:49:00,0.18282,0.18282,0.1,trend_quick_tp_10%,1.0@0.182820,2026-06-26 09:49:00,,put_reversal_0945,,,,,,,,,,,,,,,,,,,,,,,,,7210.0,0.6231902848005532,0.0177404295051355,0.3547619047619046,0.2931818181818182,1.87205,2.18,0.0177404295051355,559104895.0,2.143,2.188,2.102,2.18,0.1644988114633689,True,True,0.008,0.0409999999999999,0.1951219512195127,0.0036697247706423,,True,,-0.0454545454545453,0.176,0.168,7210.0,科创50沽7月2200,-0.53,0.663,1.0,24.0,360.5
2026-06-29,588000,put,2026-06-29 09:45:00,,,,0.0,,normal_put_reversal_0945,0.2,,,,,,,,,,,,,10011826,588000P_REV_10011826,科创50沽7月2250,0.175,,,,,,,,,,,,,,,,,,,,,0,-0.461,0.741,,,2026-06-29 09:56:00,0.1925,0.1925,0.1,trend_quick_tp_10%,1.0@0.192500,2026-06-29 09:56:00,,put_reversal_0945,,,,,,,,,,,,,,,,,,,,,,,,,2285.0,0.2902447285968329,0.0345310312645825,0.3144618834080717,0.0422222222222221,1.8816,2.217,0.0345310312645825,527613421.0,2.15,2.219,2.148,2.217,0.1782525510204082,True,True,0.0019999999999997,0.0019999999999997,1.0,0.0009021199819574,,True,,-0.2071111111111111,0.225,0.1784,2285.0,科创50沽7月2250,-0.461,0.741,1.0,23.0,114.25
2026-07-01,588000,put,2026-07-01 09:45:00,,,,0.0,,normal_put_reversal_0945,0.2,,,,,,,,,,,,,10011945,588000P_REV_10011945,科创50沽7月2350,0.16,,,,,,,,,,,,,,,,,,,,,0,-0.519,0.737,,,2026-07-01 10:42:00,0.17600000000000002,0.17600000000000002,0.1,trend_quick_tp_10%,1.0@0.176000,2026-07-01 10:42:00,,put_reversal_0945,,,,,,,,,,,,,,,,,,,,,,,,,8118.0,0.7399845038968141,0.0098039215686274,0.3526153846153845,0.2432126696832577,1.9313000000000002,2.369,,,,,,,0.2266349091285662,,True,,,,,,True,,-0.08088235294117652,0.1768,0.1625,8118.0,科创50沽7月2350,-0.519,0.737,2.0,217.0,405.90000000000003
2026-07-03,588000,put,2026-07-03 09:45:00,,,,0.0,,normal_put_reversal_0945,0.2,,,,,,,,,,,,,10011774,588000P_REV_10011774,科创50沽7月2150,0.1401,,,,,,,,,,,,,,,,,,,,,0,-0.534,0.598,,,2026-07-03 09:52:00,0.15411000000000002,0.15411000000000002,0.1,trend_quick_tp_10%,1.0@0.154110,2026-07-03 09:52:00,,put_reversal_0945,,,,,,,,,,,,,,,,,,,,,,,,,14897.0,0.1580801595976103,0.0100526567735759,0.1988174427198819,0.0974289580514209,1.9715500000000001,2.11,,,,,,,0.07022393548223471,,True,,,,,,True,,-0.08457374830852493,0.1478,0.1353,14897.0,科创50沽7月2150,-0.534,0.598,1.0,252.0,744.85
2026-07-07,588000,put,2026-07-07 09:45:00,,,,0.0,,normal_put_reversal_0945,0.2,,,,,,,,,,,,,10011774,588000P_REV_10011774,科创50沽7月2150,0.1056,,,,,,,,,,,,,,,,,,,,,0,-0.511,0.574,,,2026-07-07 13:01:00,0.11616000000000001,0.11616000000000001,0.1,trend_quick_tp_10%,1.0@0.116160,2026-07-07 13:01:00,,put_reversal_0945,,,,,,,,,,,,,,,,,,,,,,,,,13662.0,0.1018589899393558,0.0278846153846152,0.1863468634686347,0.073739653875094,2.0027,2.138,,,,,,,0.06755879562590494,,True,,,,,,True,,-0.18434913468773506,0.1329,0.1084,13662.0,科创50沽7月2150,-0.511,0.574,1.0,341.0,683.1
2026-07-10,588000,put,2026-07-10 09:45:00,,,,0.0,,normal_put_reversal_0945,0.2,,,,,,,,,,,,,10011816,588000P_REV_10011816,科创50沽7月2200,0.0416,,,,,,,,,,,,,,,,,,,,,0,-0.46,0.606,,,2026-07-10 09:47:00,0.04576,0.04576,0.1,trend_quick_tp_10%,1.0@0.045760,2026-07-10 09:47:00,,put_reversal_0945,,,,,,,,,,,,,,,,,,,,,,,,,15889.0,0.1663275005129365,0.0197086546700941,1.1835294117647055,0.890020366598778,2.07355,2.38,,,,,,,0.14779002194304458,,True,,,,,,True,,-0.1344195519348268,0.0491,0.0425,15889.0,科创50沽7月2200,-0.46,0.606,1.0,877.0,794.45
2026-07-22,588000,put,2026-07-22 09:45:00,,,,0.0,,normal_put_reversal_0945,0.2,,,,,,,,,,,,,10011916,588000P_REV_10011916,科创50沽8月2000,0.1616,,,,,,,,,,,,,,,,,,,,,0,-0.5,0.647,,,2026-07-22 14:45:00,0.17,0.1718,0.06311881188118829,eod_1445_putrev,1.0@0.171800,,,put_reversal_0945,,,,,,,,,,,,,,,,,,,,,,,,,9668.0,,0.0168110035659703,0.1495673671199011,0.154562383612663,2.1134999999999997,1.996,,,,,,,-0.05559498462266366,,False,,,,,,True,,0.004345127250155123,0.1611,0.1618,9668.0,科创50沽8月2000,-0.5,0.647,1.0,227.0,483.40000000000003
